id,radius_worst,texture_worst,perimeter_worst,area_worst,smoothness_worst,compactness_worst,concavity_worst,concave_points_worst,symmetry_worst,fractal_dimension_worst,concavity_se,area_se,concave_points_mean,texture_mean
25,25.5,17.33,184.6,2019,0.1622,0.6656,0.7119,0.2654,0.4601,0.1189,0.05,153.4,0.1471,10.38
26,24.99,23.41,158.8,1956,0.1238,0.1866,0.2416,0.186,0.275,0.08902,0.0186,74.08,0.07017,17.77
27,23.57,25.53,152.5,1709,0.1444,0.4245,0.4504,0.243,0.3613,0.08,0.03832,94.03,0.1279,21.25
911320503,7,4,4,8,1,8,1,8,1,8,1,8,18,85
911320503,,,,,,,,,,,,,,
911320503,4.846,41.5,45.6,74.6,74.3,963.2,55.3,66.2,33.1,4.45,22.9,15.6,52.84,66.6
911320503,,,,,,,,,,,,,,
911320503,41,55,55,56,6,6,6,2,5,55,5,16,746,26
